Workbook

Sheet Worksheet
A1: SKU | B1: Produto | C1: Localização | D1: Un | E1: Quantidade | F1: Valor unitário | G1: Valor total | H1: ID_MercadoLivre
A2: 814 | B2: EXTENSOR APLICADOR DE LIMPA AR CONDICIONADO | D2: UN | E2: 0 | F2: 0 | G2: 0 | H2: =VLOOKUP(A2,[1]Anúncios!E$7:AB$3595,24,FALSE) -> #N/A
A3: 2092 | B3: JUNTA TAMPA VALVULA FORD DURATEC 2.0 FOCUS/RANGER/ECOSPORT | D3: UN | E3: 0 | F3: 58 | G3: 0 | H3: =VLOOKUP(A3,[1]Anúncios!E$7:AB$3595,24,FALSE) -> #N/A
A4: 3982 | B4: SENSOR DE TEMPERATURA EXTERNO VW GOL/POLO/AMAROK/GOLF/FOX/JETTA 04/20 | C4: PL-E | D4: UN | E4: 5 | F4: 35 | G4: 175 | H4: =VLOOKUP(A4,[1]Anúncios!E$7:AB$3595,24,FALSE) -> MLB6594730068
A5: 5101 | B5: KIT PALHETA COMPRESSOR DENSO 6SEL16C PEUGEOT CITROEN | C5: Ie2 | D5: KIT | E5: 5 | F5: 0 | G5: 0 | H5: =VLOOKUP(A5,[1]Anúncios!E$7:AB$3595,24,FALSE) -> #N/A
A6: 5102 | B6: KIT PALHETA COMPRESSOR COMPRESSORA DENSO 6P148 NEW HOLLAND VW FIAT | C6: Ie2 | D6: KIT | E6: 1 | F6: 0 | G6: 0 | H6: =VLOOKUP(A6,[1]Anúncios!E$7:AB$3595,24,FALSE) -> #N/A
A7: 5103 | B7: KIT PALHETA COMPRESSORA DENSO VW AMAROK | C7: Ie2 | D7: KIT | E7: 1 | F7: 0 | G7: 0 | H7: =VLOOKUP(A7,[1]Anúncios!E$7:AB$3595,24,FALSE) -> #N/A
A8: 5104 | B8: KIT PALETA COMPRESSORA DENSO 7SEU17C VW MERCEDES LAND ROVER PORSHE | D8: KIT | E8: 1 | F8: 0 | G8: 0 | H8: =VLOOKUP(A8,[1]Anúncios!E$7:AB$3595,24,FALSE) -> #N/A
A9: 5105 | B9: KIT PALHETA COMPRESSORA DENSO VW GOLF AUDI | C9: Ie2 | D9: KIT | E9: 1 | F9: 0 | G9: 0 | H9: =VLOOKUP(A9,[1]Anúncios!E$7:AB$3595,24,FALSE) -> #N/A
A10: 5106 | B10: KIT PALHETA COMPRESSOR DENSO PALIO | C10: Ie2 | D10: KIT | E10: 1 | F10: 0 | G10: 0 | H10: =VLOOKUP(A10,[1]Anúncios!E$7:AB$3595,24,FALSE) -> #N/A
A11: 5201 | B11: KIT PALHETA COMPRESSORA SANDEN HS15 FORD HYUNDAI | C11: Ie2 | D11: KIT | E11: 1 | F11: 0 | G11: 0 | H11: =VLOOKUP(A11,[1]Anúncios!E$7:AB$3595,24,FALSE) -> #N/A
A12: 5202 | B12: KIT PALHETA COMPRESSORA SANDEN FOECOO1 FORD | C12: Ie2 | D12: KIT | E12: 1 | F12: 0 | G12: 0 | H12: =VLOOKUP(A12,[1]Anúncios!E$7:AB$3595,24,FALSE) -> #N/A
A13: 5203 | B13: KIT PALHETA COMPRESSORA SANDEN VW AUDI | C13: Ie2 | D13: KIT | E13: 1 | F13: 0 | G13: 0 | H13: =VLOOKUP(A13,[1]Anúncios!E$7:AB$3595,24,FALSE) -> #N/A
A14: 5204 | B14: KIT PALHETA COMPRESSORA SANDEN 5H14 UNIVERSAL SCANIA | C14: Ie2 | D14: KIT | E14: 1 | F14: 0 | G14: 0 | H14: =VLOOKUP(A14,[1]Anúncios!E$7:AB$3595,24,FALSE) -> #N/A
A15: 5205 | B15: KIT PALHETA COMPRESSORA SANDEN 7H15 VOLVO CARTEPILLAR NEW HOLLAND CASE MAGNUM UNIVERSAL | C15: Ie2 | D15: KIT | E15: 1 | F15: 0 | G15: 0 | H15: =VLOOKUP(A15,[1]Anúncios!E$7:AB$3595,24,FALSE) -> #N/A
A16: 5206 | B16: KIT PALHETA COMPRESSORA SANDEN 7H16 AUDI | C16: Ie2 | D16: KIT | E16: 1 | F16: 0 | G16: 0 | H16: =VLOOKUP(A16,[1]Anúncios!E$7:AB$3595,24,FALSE) -> #N/A
A17: 5207 | B17: KIT PALHETA COMPRESSORA SANDEN SD7V16 AUDI VW RENAULT FIAT | C17: Ie2 | D17: KIT | E17: 5 | F17: 0 | G17: 0 | H17: =VLOOKUP(A17,[1]Anúncios!E$7:AB$3595,24,FALSE) -> #N/A
A18: 5208 | B18: KIT PALHETA COMPRESSORA SANDEN AUDI VW | C18: Ie2 | D18: KIT | E18: 1 | F18: 0 | G18: 0 | H18: =VLOOKUP(A18,[1]Anúncios!E$7:AB$3595,24,FALSE) -> #N/A
A19: 5209 | B19: KIT PALHETA COMPRESSORA SANDEN 7H15 JOHN DEERE CITROEN FIAT PEUGEOT VOLVO | C19: Ie2 | D19: KIT | E19: 1 | F19: 0 | G19: 0 | H19: =VLOOKUP(A19,[1]Anúncios!E$7:AB$3595,24,FALSE) -> #N/A
A20: 5210 | B20: KIT PALHETA COMPRESSORA SANDEN VW | C20: Ie2 | D20: KIT | E20: 1 | F20: 0 | G20: 0 | H20: =VLOOKUP(A20,[1]Anúncios!E$7:AB$3595,24,FALSE) -> #N/A
... A39: 250008 | B39: ROLAMENTO DENSO SANDEN RENAULT / PEUGEOT/ CITROEN / TM21 / ZEXEL CORSA CELTA / HONDA FIT 2008 (35X55X20) | C39: Bd44 | D39: UN | E39: 0 | F39: 25 | G39: 0 | H39: =VLOOKUP(A39,[1]Anúncios!E$7:AB$3595,24,FALSE) -> #N/A
A40: 255242 | B40: Rolamento Roda Traseira Peugeot 208 Citroen C3,ds3 Após 2012 | D40: UN | E40: 0 | F40: 0 | G40: 0 | H40: =VLOOKUP(A40,[1]Anúncios!E$7:AB$3595,24,FALSE) -> #N/A
A41: 450113 | B41: EMENDA 06MM ALUMINIO S/CLIP UNIDADE | C41: De23 | D41: UN | E41: 0 | F41: 1.82 | G41: 0 | H41: =VLOOKUP(A41,[1]Anúncios!E$7:AB$3595,24,FALSE) -> #N/A
A42: 450554 | B42: CANECA CLIP ALUMINIO 06MM PCT C/ 10 PÇS | C42: Cd44 Cd62 | D42: PCT | E42: 0 | F42: 0 | G42: 0 | H42: =VLOOKUP(A42,[1]Anúncios!E$7:AB$3595,24,FALSE) -> #N/A
A43: 460053 | B43: VALVULA TORRE COMPRESSOR SANDEN PXE14 / DELPHI NISSAN SENTRA 2013 > | C43: Cd23 / BF Ad7 | D43: UN | E43: 0 | F43: 167 | G43: 0 | H43: =VLOOKUP(A43,[1]Anúncios!E$7:AB$3595,24,FALSE) -> #N/A
A44: 503196 | B44: BOMBA ALTA PRESSAO VW UP GOLF JETTA POLO VIRTUS | D44: UN | E44: 0 | F44: 1200 | G44: 0 | H44: =VLOOKUP(A44,[1]Anúncios!E$7:AB$3595,24,FALSE) -> #N/A
A45: 503451 | B45: Sensor PressÃo Servo Freio Fiat Toro Jeep Renegade Diesel | C45: Hd1 | D45: UN | E45: 2 | F45: 25 | G45: 50 | H45: =VLOOKUP(A45,[1]Anúncios!E$7:AB$3595,24,FALSE) -> MLB5731328920
A46: 503877 | B46: CONJUNTO HELICE+POLIA VISCOSA GMS10 TRAILBLAZER 2.8 17 A 20121 | D46: UN | E46: 0 | F46: 870 | G46: 0 | H46: =VLOOKUP(A46,[1]Anúncios!E$7:AB$3595,24,FALSE) -> #N/A
A47: 504139 | B47: RESISTENCIA VENTILADOR INTERNO GM MONTANA AGILE PALIO UNO 4 VELOCIDADES | C47: Id19 | D47: UN | E47: 2 | F47: 0 | G47: 0 | H47: =VLOOKUP(A47,[1]Anúncios!E$7:AB$3595,24,FALSE) -> MLB4277202085
A48: 504182 | B48: Sensor Map Vw Golf Polo Virtus Up 1.0 Tsi 04e906051k | C48: PL-A | D48: UN | E48: 5 | F48: 45 | G48: 225 | H48: =VLOOKUP(A48,[1]Anúncios!E$7:AB$3595,24,FALSE) -> MLB6594535846
A49: 504254 | B49: Sensor Nivel Boia Combustivel Hyundai Tucson 2012 Em Diante BOSCH | C49: O3 | D49: UN | E49: 0 | F49: 19 | G49: 0 | H49: =VLOOKUP(A49,[1]Anúncios!E$7:AB$3595,24,FALSE) -> #N/A
A50: 504540 | B50: Sensor Map Intercooler Ar GM Onix Tracker Turbo 2020 Em Diante | C50: PL-E | D50: UN | E50: 5 | F50: 45 | G50: 225 | H50: =VLOOKUP(A50,[1]Anúncios!E$7:AB$3595,24,FALSE) -> MLB6594546582
A51: 504678 | B51: KIT JUNTA TAMPA DIAFRAGMA MOBI ARGO NOVO UNO 1.0 3CC FIRFLAY | C51: Hd2 | D51: UN | E51: 1 | F51: 0 | G51: 0 | H51: =VLOOKUP(A51,[1]Anúncios!E$7:AB$3595,24,FALSE) -> #N/A
A52: 504679 | B52: KIT Junta Tampa De Valvulas DIAFRAGMA FIAT ARGO 1.3 4CC 2020 | C52: Hd1 | D52: UN | E52: 1 | F52: 0 | G52: 0 | H52: =VLOOKUP(A52,[1]Anúncios!E$7:AB$3595,24,FALSE) -> #N/A
A53: 504683 | B53: KIT JUNTA TAMPA DIAFRAAGMA VW JETTA GOLF PASSAT | D53: UN | E53: 0 | F53: 0 | G53: 0 | H53: =VLOOKUP(A53,[1]Anúncios!E$7:AB$3595,24,FALSE) -> #N/A
A54: 504687 | B54: Junta Tampa De Valvula New Fiesta 1.6 Sigma 16v 2014 A 2018 | C54: Hd1 | D54: UN | E54: 1 | F54: 35 | G54: 35 | H54: =VLOOKUP(A54,[1]Anúncios!E$7:AB$3595,24,FALSE) -> MLB5373872976
A55: 504691 | B55: Junta Tampa De Valvulas GM S10 ASTRA VECTRA KADETT ZAFIRA BLAZER | D55: UN | E55: 0 | F55: 0 | G55: 0 | H55: =VLOOKUP(A55,[1]Anúncios!E$7:AB$3595,24,FALSE) -> #N/A
A56: 504694 | B56: KIT Junta Tampa De VAlvulas DIAFRAGMA GM ONIX 2012 A 2015 TRACKER 2013 CRUZE 2011 | D56: UN | E56: 0 | F56: 0 | G56: 0 | H56: =VLOOKUP(A56,[1]Anúncios!E$7:AB$3595,24,FALSE) -> #N/A
A57: 504695 | B57: Kit Junta Vedacao Bomba Dagua VW Gol Voyage Fox Up Polo Virtus | D57: UN | E57: 0 | F57: 29.9 | G57: 0 | H57: =VLOOKUP(A57,[1]Anúncios!E$7:AB$3595,24,FALSE) -> #N/A
A58: 504696 | B58: Junta Tampa De valvulas DIAFRAGMA GM ONIX 2012 A 2015 TRACKER 2013 CRUZE 2011 | D58: UN | E58: 0 | F58: 0 | G58: 0 | H58: =VLOOKUP(A58,[1]Anúncios!E$7:AB$3595,24,FALSE) -> #N/A
A59: 504826 | B59: Sensor Detonacao Vw Polo 1.6 Msi 2019 030905377D | C59: PL-E | D59: UN | E59: 5 | F59: 18 | G59: 90 | H59: =VLOOKUP(A59,[1]Anúncios!E$7:AB$3595,24,FALSE) -> MLB6594644228
A60: 504905 | B60: Trava Eletrica Portinhola Combustivel GM Cruze Hatch 2017 Em Diante | C60: Id15 | D60: UN | E60: 5 | F60: 30 | G60: 150 | H60: =VLOOKUP(A60,[1]Anúncios!E$7:AB$3595,24,FALSE) -> MLB6486902002
A61: 505024 | B61: Sensor Pressao Hidrovacuo Peugeot 208 2022 Citroen C4 Cactus | C61: PL-A | D61: UN | E61: 5 | F61: 38 | G61: 190 | H61: =VLOOKUP(A61,[1]Anúncios!E$7:AB$3595,24,FALSE) -> MLB4604727451
A62: 505048 | B62: Sensor Pressao De Combustivel Toro Jeep Renegade 1.8 2015 0265005325 | C62: PL-Q | D62: UN | E62: 5 | F62: 45 | G62: 225 | H62: =VLOOKUP(A62,[1]Anúncios!E$7:AB$3595,24,FALSE) -> MLB4592759523
A63: 505122 | B63: Junta Tampa Valvulas Ford Ka 1.0 3 Cilindros (2014 A 2018) | C63: Hd1 | D63: UN | E63: 3 | F63: 42 | G63: 126 | H63: =VLOOKUP(A63,[1]Anúncios!E$7:AB$3595,24,FALSE) -> #N/A
A64: 505530 | B64: Cabeçote Motor Jetta Passat Tiguan A1 A3 Q3 1.4 Tsi 16v - MANDAR POR SÃO CAETANO | D64: UN | E64: 0 | F64: 0 | G64: 0 | H64: =VLOOKUP(A64,[1]Anúncios!E$7:AB$3595,24,FALSE) -> MLB3919805803
A65: 505556 | B65: Sensor Medidor Fluxo Ar FIAT TORO / JEEP/ DUCATO / BOXER JUMPER /RENEGADE 2.0 16v Diesel 2018 2019 | C65: PL8. | D65: UN | E65: 5 | F65: 55 | G65: 275 | H65: =VLOOKUP(A65,[1]Anúncios!E$7:AB$3595,24,FALSE) -> MLB6594738154
A66: 505683 | B66: Sensor Rele ignicao Hyundai Hb20 Azera 2012 Em Diante | C66: PL-C | D66: UN | E66: 5 | F66: 50 | G66: 250 | H66: =VLOOKUP(A66,[1]Anúncios!E$7:AB$3595,24,FALSE) -> MLB4592734995
A67: 505754 | B67: Sensor Temperatura Externa Mercedes C180 C200 A200 A250 B200 | C67: PL-F | D67: UN | E67: 5 | F67: 45 | G67: 225 | H67: =VLOOKUP(A67,[1]Anúncios!E$7:AB$3595,24,FALSE) -> MLB4589914133
A68: 505779 | B68: Moldura Do Sensor Aproximação Dianteiro Jeep Compass flex 2017 até 2021 | C68: PL-M | D68: UN | E68: 5 | F68: 60 | G68: 300 | H68: =VLOOKUP(A68,[1]Anúncios!E$7:AB$3595,24,FALSE) -> #N/A
A69: 505805 | B69: Filtro Diesel Completo Fiat Toro Jeep Renegade Compass Commander | D69: UN | E69: 0 | F69: 450 | G69: 0 | H69: =VLOOKUP(A69,[1]Anúncios!E$7:AB$3595,24,FALSE) -> #N/A
A70: 505906 | B70: Bomba D'agua Hyundai Hb20 / Kia Picanto - 1.0 12v 3c | C70: Hd9 | D70: UN | E70: 1 | F70: 400 | G70: 400 | H70: =VLOOKUP(A70,[1]Anúncios!E$7:AB$3595,24,FALSE) -> #N/A
A71: 505917 | B71: Sensor Fase Hyundai HB20 Kia Picanto 1.0 | C71: Id15 | D71: UN | E71: 5 | F71: 75 | G71: 375 | H71: =VLOOKUP(A71,[1]Anúncios!E$7:AB$3595,24,FALSE) -> MLB6486811096
A72: 506005 | B72: Sensor MAP Pressao Coletor De Admissao Jetta 2.5 03c906051f | C72: PL-A | D72: UN | E72: 5 | F72: 75 | G72: 375 | H72: =VLOOKUP(A72,[1]Anúncios!E$7:AB$3595,24,FALSE) -> MLB6590164190
A73: 506139 | B73: PAR Junta Tampa De Valvula com defletor peugeot 206 207 208 307 | C73: Ie2 | D73: UN | E73: 1 | F73: 75 | G73: 75 | H73: =VLOOKUP(A73,[1]Anúncios!E$7:AB$3595,24,FALSE) -> MLB5373883842
A74: 506153 | B74: Valvula Termostatica Hyundai Hb20 Creta Veloster Kia Soul Cerato | C74: Id15 | D74: UN | E74: 5 | F74: 0 | G74: 0 | H74: =VLOOKUP(A74,[1]Anúncios!E$7:AB$3595,24,FALSE) -> MLB4548365621
A75: 506156 | B75: Sensor Pressão De oleo Hb20 I30 Ix35 Tucson Santa Fé | C75: Ie11 | D75: UN | E75: 3 | F75: 45 | G75: 135 | H75: =VLOOKUP(A75,[1]Anúncios!E$7:AB$3595,24,FALSE) -> MLB5369026964
A76: 506167 | B76: Cabo Negativo Bateria Com Sensor VW Nivus Polo Virtus Tcross | C76: Ie11 | D76: UN | E76: 1 | F76: 150 | G76: 150 | H76: =VLOOKUP(A76,[1]Anúncios!E$7:AB$3595,24,FALSE) -> MLB4046254149
A77: 507040 | B77: Tubo Cano Agua Coletor Corsa Montana Meriva Agile Celta Gm | D77: UN | E77: 5 | F77: 60 | G77: 300 | H77: =VLOOKUP(A77,[1]Anúncios!E$7:AB$3595,24,FALSE) -> MLB6594803952
A78: 550319 | B78: ELETROVENTILADOR UNIVERSAL 10 PLS PÁS "S" 12V ORIGINAL UNIPOINT | D78: UN | E78: 0 | F78: 0 | G78: 0 | H78: =VLOOKUP(A78,[1]Anúncios!E$7:AB$3595,24,FALSE) -> #N/A
A79: 600211 | B79: COMPRESSOR HARISSON MAQUINA ESCAVADEIRA HYUNDAI 24V | C79: Ae78 | D79: UN | E79: 0 | F79: 969 | G79: 0 | H79: =VLOOKUP(A79,[1]Anúncios!E$7:AB$3595,24,FALSE) -> #N/A
A80: 600225 | B80: COMPRESSOR FIAT FIRE 1.0/1.3/1.4 PALIO UNO SIENA STRADA MODELO CALSONIC (2006 - 2012) | C80: Ae95 | D80: UN | E80: 0 | F80: 625 | G80: 0 | H80: =VLOOKUP(A80,[1]Anúncios!E$7:AB$3595,24,FALSE) -> #N/A
A81: 1564559 | B81: SOQUETES CHICOTE LANTERNA TRAZEIRA ONIX 2016 /2019 PRISMA 2019 | D81: UN | E81: 5 | F81: 8 | G81: 40 | H81: =VLOOKUP(A81,[1]Anúncios!E$7:AB$3595,24,FALSE) -> #N/A
A82: 2661230 | B82: SENSOR MAP Fox 2003 até 2014 SpaceFox 2006 até 2014 CrossFox 2006 até 2014 | D82: UN | E82: 5 | F82: 27 | G82: 135 | H82: =VLOOKUP(A82,[1]Anúncios!E$7:AB$3595,24,FALSE) -> #N/A
A83: 5051199 | B83: AGENDA PROMOCIONAL REFRIJET | D83: UN | E83: 0 | F83: 0 | G83: 0 | H83: =VLOOKUP(A83,[1]Anúncios!E$7:AB$3595,24,FALSE) -> #N/A
A84: 13427160 | B84: ELETROVENTILADOR GM CRUZE COM RESISTENCIA 2012 A 2017 ORIGINAL | C84: Ad70 | D84: UN | E84: 1 | F84: 79.05 | G84: 79.05 | H84: =VLOOKUP(A84,[1]Anúncios!E$7:AB$3595,24,FALSE) -> #N/A
A85: 46824133 | B85: SENSOR TEMP. PALIO FIRE (MARELLI) | D85: UN | E85: 0 | F85: 0 | G85: 0 | H85: =VLOOKUP(A85,[1]Anúncios!E$7:AB$3595,24,FALSE) -> #N/A
A86: 50017371 | B86: MANGUEIRA FIAT UNO MILLE 1.08V 02>> | D86: MT | E86: 0 | F86: 0 | G86: 0 | H86: =VLOOKUP(A86,[1]Anúncios!E$7:AB$3595,24,FALSE) -> #N/A
A87: 50087201 | B87: SENSOR ESTACIONAMENTO DIANT TIGUAN TOUAREG TCROSS PASSAJETTA POLO GOLF | C87: PL13. | D87: UN | E87: 5 | F87: 48 | G87: 240 | H87: =VLOOKUP(A87,[1]Anúncios!E$7:AB$3595,24,FALSE) -> MLB6590072430
A88: 50101102 | B88: KIT 2 BICOS INJETORES MULTIPONTO PALIO / SIENA / LPW 101 | C88: Ae38 | D88: UN | E88: 0 | F88: 0 | G88: 0 | H88: =VLOOKUP(A88,[1]Anúncios!E$7:AB$3595,24,FALSE) -> #N/A
A89: 50142301 | B89: FILTRO CANISTER GM CRUZE (2012 ATÉ2016) CODIGO ORIGINAL: 13405525 | C89: Id8 | D89: UN | E89: 0 | F89: 40 | G89: 0 | H89: =VLOOKUP(A89,[1]Anúncios!E$7:AB$3595,24,FALSE) -> MLB5902592618
A90: 50185701 | B90: Sensor de Pressao Map Audi A3 S3 tiguan t-cross 03g906051m | D90: UN | E90: 5 | F90: 75 | G90: 375 | H90: =VLOOKUP(A90,[1]Anúncios!E$7:AB$3595,24,FALSE) -> #N/A
A91: 50192001 | B91: SENSOR TEMPERATURA CAIXA EVAPORADORA IVECO | C91: PL-A | D91: UN | E91: 5 | F91: 35 | G91: 175 | H91: =VLOOKUP(A91,[1]Anúncios!E$7:AB$3595,24,FALSE) -> MLB6590065624
A92: 50193101 | B92: INTERRUPTOR PRESSAO OLEO GOL/FOX/POLO/GOLF | D92: UN | E92: 0 | F92: 0 | G92: 0 | H92: =VLOOKUP(A92,[1]Anúncios!E$7:AB$3595,24,FALSE) -> #N/A
A93: 50200001 | B93: FECHADURA PORTA FORD KA HATCH/SEDAN 2014>>TRASEIRA DIREITA | D93: UN | E93: 0 | F93: 30 | G93: 0 | H93: =VLOOKUP(A93,[1]Anúncios!E$7:AB$3595,24,FALSE) -> #N/A
A94: 50200201 | B94: FECHADURA PORTA FORD KA HATCH/SEDAN 2014>>DIANTEIRA DIREITA | D94: UN | E94: 0 | F94: 30 | G94: 0 | H94: =VLOOKUP(A94,[1]Anúncios!E$7:AB$3595,24,FALSE) -> #N/A
A95: 50227801 | B95: SENSOR TEMPERATURA EXTERNA FORD FOCUS/NEW FIESTA/ECOSPORT | C95: PL-C | D95: UN | E95: 5 | F95: 22 | G95: 110 | H95: =VLOOKUP(A95,[1]Anúncios!E$7:AB$3595,24,FALSE) -> MLB4592751109
A96: 50257901 | B96: PRESSOSTATO ALTA FORD ECOSPORT / FIESTA FEVEREIRO>2009 / KA AGOSTO 2009> | C96: Hd5 | D96: UN | E96: 2 | F96: 0 | G96: 0 | H96: =VLOOKUP(A96,[1]Anúncios!E$7:AB$3595,24,FALSE) -> MLB5798470880
A97: 50300901 | B97: Tampa valvula CabeÇote Sonic Tracker Cruze 1.6 1.8 55564395 | C97: Ad77 | D97: UN | E97: 2 | F97: 0 | G97: 0 | H97: =VLOOKUP(A97,[1]Anúncios!E$7:AB$3595,24,FALSE) -> MLB5731483334
A98: 50302201 | B98: SENSOR AIRBAG LATERAL ESPOLETA VW NIVUS VIRTUS TCROSS NOVO POLO 2QB959 | C98: PL-D | D98: UN | E98: 5 | F98: 20 | G98: 100 | H98: =VLOOKUP(A98,[1]Anúncios!E$7:AB$3595,24,FALSE) -> MLB6594723030
A99: 52039087 | B99: COMPRESSOR GM SPIN ONIX COBALT PRISMA SONIC TRACKER 2013 > 2017 5PK | D99: UN | E99: 0 | F99: 0 | G99: 0 | H99: =VLOOKUP(A99,[1]Anúncios!E$7:AB$3595,24,FALSE) -> #N/A
A100: 52083684 | B100: MANGUEIRA CONCETOR BOMBA COMBUSTIVEL ONIX /COBALT | C100: Cd41 | D100: UN | E100: 0 | F100: 0 | G100: 0 | H100: =VLOOKUP(A100,[1]Anúncios!E$7:AB$3595,24,FALSE) -> #N/A
A101: 52093151 | B101: COMPRESSOR FIAT UNO NOVO 1.0 6v UNO WAY PALIO MOBI ARGO 2017 > ORIGINAL MAHLE ACP223 | C101: Ae102 | D101: UN | E101: 0 | F101: 0 | G101: 0 | H101: =VLOOKUP(A101,[1]Anúncios!E$7:AB$3595,24,FALSE) -> #N/A
A102: 52104912 | B102: CAMERA VISÃO TRASEIRA MAÇANETA TAMPA TRASEIRA S10 2017 A 2020 | C102: Be9 | D102: UN | E102: 0 | F102: 0 | G102: 0 | H102: =VLOOKUP(A102,[1]Anúncios!E$7:AB$3595,24,FALSE) -> #N/A
A103: 52433264 | B103: ELETROVENTILADOR GM TRAIL BLAZER 3.6 V6 2017 / 2018 ORIGINAL | D103: UN | E103: 0 | F103: 0 | G103: 0 | H103: =VLOOKUP(A103,[1]Anúncios!E$7:AB$3595,24,FALSE) -> #N/A
A104: 55702358 | B104: RESISTENCIA DO ELETROVENTILADOR PUNTO/LINEA | C104: Ce7 | D104: UN | E104: 0 | F104: 0 | G104: 0 | H104: =VLOOKUP(A104,[1]Anúncios!E$7:AB$3595,24,FALSE) -> #N/A
A105: 72393539 | B105: VALVULA EXPANSÃO RENAULT MASTER ORIGINAL SENSOR TERMOSTATICO | C105: Be26 | D105: UN | E105: 0 | F105: 0 | G105: 0 | H105: =VLOOKUP(A105,[1]Anúncios!E$7:AB$3595,24,FALSE) -> #N/A
A106: 90409594 | B106: Junta Tampa Valvulas GM Corsa Celta Prisma Montana Meriva Agile Cobalt - 504692 | C106: Hd1 | D106: UN | E106: 10 | F106: 12 | G106: 120 | H106: =VLOOKUP(A106,[1]Anúncios!E$7:AB$3595,24,FALSE) -> MLB5731291354
A107: 90501944 | B107: Junta Tampa De Valvulas GM Astra Vectra Zafira | D107: UN | E107: 0 | F107: 29 | G107: 0 | H107: =VLOOKUP(A107,[1]Anúncios!E$7:AB$3595,24,FALSE) -> #N/A
A108: 93281704 | B108: RESISTÊNCIA DA CAIXA AR CELTA /PRISMA SEM AR ORIGINAL VALEO 2001 A 2016 | C108: Ce2 | D108: UN | E108: 0 | F108: 15 | G108: 0 | H108: =VLOOKUP(A108,[1]Anúncios!E$7:AB$3595,24,FALSE) -> #N/A
A109: 93330577 | B109: Rele Vidro Elétrico Astra Zafira 2000 A 2002 | D109: UN | E109: 0 | F109: 60 | G109: 0 | H109: =VLOOKUP(A109,[1]Anúncios!E$7:AB$3595,24,FALSE) -> #N/A
A110: 93399020 | B110: Relé Temporização Farol Gm Vectra Zafira Astra 93399020 (Usado) | D110: UN | E110: 0 | F110: 60 | G110: 0 | H110: =VLOOKUP(A110,[1]Anúncios!E$7:AB$3595,24,FALSE) -> #N/A
A111: 135890110 | B111: Capa Retrovisor Sprinter 2012 2013 14 2015 16 17 18 2019 LE | D111: UN | E111: 5 | F111: 200 | G111: 1000 | H111: =VLOOKUP(A111,[1]Anúncios!E$7:AB$3595,24,FALSE) -> MLB6612254612
A112: 135890210 | B112: Capa Retrovisor Sprinter 2012 2013 14 2015 16 17 18 2019 LD | D112: UN | E112: 5 | F112: 200 | G112: 1000 | H112: =VLOOKUP(A112,[1]Anúncios!E$7:AB$3595,24,FALSE) -> MLB4604651521
A113: 145890100 | B113: Aro Moldura Retrovisor Sprinter 311 313 413 415 515 13/18 LE | D113: UN | E113: 2 | F113: 200 | G113: 400 | H113: =VLOOKUP(A113,[1]Anúncios!E$7:AB$3595,24,FALSE) -> MLB6612251192
A114: 145890200 | B114: Aro Moldura Retrovisor Sprinter 311 313 413 415 515 13/18 LD | D114: UN | E114: 5 | F114: 200 | G114: 1000 | H114: =VLOOKUP(A114,[1]Anúncios!E$7:AB$3595,24,FALSE) -> #N/A
A115: 162910000 | B115: RADIADOR DE AR QUENTE VW UP/FOX/CROSS/G5/VOYAGE 2009> SPACEFOX POLO ORIGINAL (CX DENSO) | C115: Ad65 | D115: UN | E115: 0 | F115: 0 | G115: 0 | H115: =VLOOKUP(A115,[1]Anúncios!E$7:AB$3595,24,FALSE) -> #N/A
A116: 206121222 | B116: EVAPORADOR PEUGEOT 206/ PICASSO/ C3 | D116: UN | E116: 0 | F116: 0 | G116: 0 | H116: =VLOOKUP(A116,[1]Anúncios!E$7:AB$3595,24,FALSE) -> #N/A
A117: 545329302 | B117: PAINEL DE A/C GM ONIX/PRISMA/COBALT/SPIN | D117: UN | E117: 0 | F117: 0 | G117: 0 | H117: =VLOOKUP(A117,[1]Anúncios!E$7:AB$3595,24,FALSE) -> #N/A
A118: 557805030 | B118: COMPRESSOR GM CRUZE 2012>> | D118: UN | E118: 0 | F118: 0 | G118: 0 | H118: =VLOOKUP(A118,[1]Anúncios!E$7:AB$3595,24,FALSE) -> #N/A
...
